Organization,Followed On
Leadership Development Programs at CVS Health,Sun Nov 21 13:08:57 UTC 2021
CVS Health,Sat Feb 29 22:41:23 UTC 2020
"Aetna, a CVS Health Company",Sat Feb 29 22:41:21 UTC 2020
Infosys,Tue Feb 25 01:41:26 UTC 2020
Broadridge,Sun Feb 23 19:34:12 UTC 2020
Jane Street,Thu Feb 20 21:05:56 UTC 2020
IntePros,Tue Feb 18 02:00:48 UTC 2020
Aquent,Tue Feb 18 01:46:59 UTC 2020
Blinds To Go,Tue Feb 18 01:45:25 UTC 2020
Roc Search,Tue Feb 18 01:38:26 UTC 2020
NLB Services,Sat Feb 15 20:39:52 UTC 2020
Synergy Interactive,Sat Feb 15 20:09:21 UTC 2020
Cella,Sat Feb 15 20:01:55 UTC 2020
"eiWorkflow Solutions, LLC",Sat Feb 15 19:59:36 UTC 2020
Fareportal,Sat Feb 15 19:53:23 UTC 2020
Wilson Elser,Sat Feb 15 19:41:21 UTC 2020
CodeForce 360,Sun Feb 02 15:51:15 UTC 2020
Capgemini Invent,Sun Jan 26 19:48:55 UTC 2020
Union,Thu Nov 14 16:22:27 UTC 2019
Marathon TS,Thu Nov 14 16:11:48 UTC 2019
Bayside Solutions,Thu Oct 24 00:19:35 UTC 2019
"InvestCloud, Inc.",Thu Oct 24 00:11:51 UTC 2019
Deloitte,Wed Oct 23 19:32:50 UTC 2019
Aerotek,Wed Oct 23 19:31:01 UTC 2019
JPMorgan Chase & Co.,Tue Aug 28 17:05:08 UTC 2018
Yext,Tue Aug 28 16:47:44 UTC 2018
Quantitative Systems,Mon Aug 20 17:25:26 UTC 2018
Forbes,Wed Aug 08 13:23:18 UTC 2018
Google,Thu Jul 12 18:11:25 UTC 2018
Citibank (Banamex USA),Thu Jul 12 18:10:57 UTC 2018
Citi International Personal Bank (Israel),Thu Jul 12 18:10:47 UTC 2018
Bank of America,Thu Jul 12 18:10:30 UTC 2018
JP,Thu Jul 12 18:10:02 UTC 2018
Erie County Medical Center Corporation,Thu Jul 12 18:07:46 UTC 2018
Regeneron,Tue Apr 03 20:34:36 UTC 2018
"Insider, Inc.",Mon Mar 05 16:05:34 UTC 2018
RIT Online,Thu Mar 01 23:51:27 UTC 2018
RIT Career Services,Thu Mar 01 23:51:20 UTC 2018
NextCorps,Mon Jan 29 16:44:03 UTC 2018
RochesterWorks!,Mon Jan 29 16:43:36 UTC 2018
Amazon,Mon Jan 29 16:43:10 UTC 2018
Microsoft,Mon Jan 29 16:43:09 UTC 2018
Web Management Consultants Ltd,Mon Jan 29 16:43:06 UTC 2018
Business Insider,Tue Jan 09 16:09:16 UTC 2018
RecruitingBlogs.com,Tue Jan 09 16:08:53 UTC 2018
Computerworld,Tue Jan 09 16:08:05 UTC 2018
Nation's Restaurant News,Tue Jan 09 16:07:33 UTC 2018
Quartz,Tue Jan 09 16:06:18 UTC 2018
CNBC,Tue Jan 09 16:05:50 UTC 2018
The New York Times,Tue Jan 09 16:04:22 UTC 2018
The Wall Street Journal,Tue Jan 09 16:04:20 UTC 2018
EXAME,Tue Jan 09 16:03:12 UTC 2018
Bloomberg News,Tue Jan 09 16:03:00 UTC 2018
Rochester Institute of Technology,Thu Mar 22 17:08:00 UTC 2018